{"fonts/CenturyGothic400.ttf":["fonts/CenturyGothic400.ttf"],"packages/cupertino_icons/assets/CupertinoIcons.ttf":["packages/cupertino_icons/assets/CupertinoIcons.ttf"],"images/DairyFree.png":["images/DairyFree.png","images/2.0x/DairyFree.png","images/3.0x/DairyFree.png"],"images/GTSLogo.png":["images/GTSLogo.png","images/2.0x/GTSLogo.png","images/3.0x/GTSLogo.png"],"images/GlutenFree.png":["images/GlutenFree.png","images/2.0x/GlutenFree.png","images/3.0x/GlutenFree.png"],"packages/flutter_iconpicker/fonts/LineAwesomeIcons.ttf":["packages/flutter_iconpicker/fonts/LineAwesomeIcons.ttf"],"fonts/MYRIADPRO-BOLD.OTF":["fonts/MYRIADPRO-BOLD.OTF"],"fonts/MYRIADPRO-REGULAR.OTF":["fonts/MYRIADPRO-REGULAR.OTF"],"images/NutFree.png":["images/NutFree.png","images/2.0x/NutFree.png","images/3.0x/NutFree.png"],"images/Vegan.png":["images/Vegan.png","images/2.0x/Vegan.png","images/3.0x/Vegan.png"],"images/Veggie.png":["images/Veggie.png","images/2.0x/Veggie.png","images/3.0x/Veggie.png"],"packages/flutter_iconpicker/fonts/fa-brands-400.ttf":["packages/flutter_iconpicker/fonts/fa-brands-400.ttf"],"packages/font_awesome_flutter/lib/fonts/fa-brands-400.ttf":["packages/font_awesome_flutter/lib/fonts/fa-brands-400.ttf"],"packages/flutter_iconpicker/fonts/fa-regular-400.ttf":["packages/flutter_iconpicker/fonts/fa-regular-400.ttf"],"packages/font_awesome_flutter/lib/fonts/fa-regular-400.ttf":["packages/font_awesome_flutter/lib/fonts/fa-regular-400.ttf"],"packages/flutter_iconpicker/fonts/fa-solid-900.ttf":["packages/flutter_iconpicker/fonts/fa-solid-900.ttf"],"packages/font_awesome_flutter/lib/fonts/fa-solid-900.ttf":["packages/font_awesome_flutter/lib/fonts/fa-solid-900.ttf"],"packages/line_awesome_icons/assets/fonts/icon_font.ttf":["packages/line_awesome_icons/assets/fonts/icon_font.ttf"],"packages/flutter_iconpicker/fonts/outline_material.ttf":["packages/flutter_iconpicker/fonts/outline_material.ttf"],"packages/outline_material_icons/lib/outline_material_icons.ttf":["packages/outline_material_icons/lib/outline_material_icons.ttf"]}