[{"family":"MaterialIcons","fonts":[{"asset":"fonts/MaterialIcons-Regular.otf"}]},{"family":"MyriadPro","fonts":[{"asset":"fonts/MYRIADPRO-REGULAR.OTF"},{"weight":700,"asset":"fonts/MYRIADPRO-BOLD.OTF"}]},{"family":"CenturyGothic","fonts":[{"asset":"fonts/CenturyGothic400.ttf"}]},{"family":"packages/cupertino_icons/CupertinoIcons","fonts":[{"asset":"packages/cupertino_icons/assets/CupertinoIcons.ttf"}]},{"family":"packages/flutter_iconpicker/LineAwesomeIcons","fonts":[{"style":"normal","asset":"packages/flutter_iconpicker/fonts/LineAwesomeIcons.ttf"}]},{"family":"packages/flutter_iconpicker/FontAwesomeBrands","fonts":[{"style":"normal","asset":"packages/flutter_iconpicker/fonts/fa-brands-400.ttf"}]},{"family":"packages/flutter_iconpicker/FontAwesomeSolid","fonts":[{"style":"normal","asset":"packages/flutter_iconpicker/fonts/fa-solid-900.ttf"}]},{"family":"packages/flutter_iconpicker/FontAwesomeRegular","fonts":[{"style":"normal","asset":"packages/flutter_iconpicker/fonts/fa-regular-400.ttf"}]},{"family":"packages/flutter_iconpicker/OMIcons","fonts":[{"style":"normal","asset":"packages/flutter_iconpicker/fonts/outline_material.ttf"}]},{"family":"packages/font_awesome_flutter/FontAwesomeBrands","fonts":[{"weight":400,"asset":"packages/font_awesome_flutter/lib/fonts/fa-brands-400.ttf"}]},{"family":"packages/font_awesome_flutter/FontAwesomeRegular","fonts":[{"weight":400,"asset":"packages/font_awesome_flutter/lib/fonts/fa-regular-400.ttf"}]},{"family":"packages/font_awesome_flutter/FontAwesomeSolid","fonts":[{"weight":900,"asset":"packages/font_awesome_flutter/lib/fonts/fa-solid-900.ttf"}]},{"family":"packages/line_awesome_icons/IconFont","fonts":[{"asset":"packages/line_awesome_icons/assets/fonts/icon_font.ttf"}]},{"family":"packages/outline_material_icons/outline_material_icons","fonts":[{"asset":"packages/outline_material_icons/lib/outline_material_icons.ttf"}]}]