{"fonts/BITCBLKAD.ttf":["fonts/BITCBLKAD.ttf"],"packages/cupertino_icons/assets/CupertinoIcons.ttf":["packages/cupertino_icons/assets/CupertinoIcons.ttf"],"fonts/Forte.ttf":["fonts/Forte.ttf"],"fonts/FrenchScriptMT.ttf":["fonts/FrenchScriptMT.ttf"],"images/GTSLogo.png":["images/GTSLogo.png","images/2.0x/GTSLogo.png","images/3.0x/GTSLogo.png"],"fonts/HTOWERT.ttf":["fonts/HTOWERT.ttf"],"fonts/Inkfree.ttf":["fonts/Inkfree.ttf"],"fonts/MTCORSVA.ttf":["fonts/MTCORSVA.ttf"],"fonts/MYRIADPRO-BOLD.OTF":["fonts/MYRIADPRO-BOLD.OTF"],"fonts/MYRIADPRO-REGULAR.OTF":["fonts/MYRIADPRO-REGULAR.OTF"],"packages/awesome_card/fonts/MavenPro-Bold.ttf":["packages/awesome_card/fonts/MavenPro-Bold.ttf"],"packages/awesome_card/fonts/MavenPro-Medium.ttf":["packages/awesome_card/fonts/MavenPro-Medium.ttf"],"packages/awesome_card/fonts/MavenPro-Regular.ttf":["packages/awesome_card/fonts/MavenPro-Regular.ttf"],"images/Order.png":["images/Order.png","images/2.0x/Order.png","images/3.0x/Order.png"],"fonts/ScriptMTBold.ttf":["fonts/ScriptMTBold.ttf"],"packages/awesome_card/images/card_provider/american_express.png":["packages/awesome_card/images/card_provider/american_express.png"],"packages/flutter_credit_card/icons/amex.png":["packages/flutter_credit_card/icons/amex.png"],"packages/awesome_card/images/contactless_icon.png":["packages/awesome_card/images/contactless_icon.png"],"fonts/coolveticarg.ttf":["fonts/coolveticarg.ttf"],"packages/awesome_card/images/card_provider/diners_club.png":["packages/awesome_card/images/card_provider/diners_club.png"],"packages/awesome_card/images/card_provider/discover.png":["packages/awesome_card/images/card_provider/discover.png"],"packages/flutter_credit_card/icons/discover.png":["packages/flutter_credit_card/icons/discover.png"],"fonts/gill-sans-mt.ttf":["fonts/gill-sans-mt.ttf"],"packages/flutter_credit_card/font/halter.ttf":["packages/flutter_credit_card/font/halter.ttf"],"packages/awesome_card/images/card_provider/jcb.png":["packages/awesome_card/images/card_provider/jcb.png"],"packages/awesome_card/images/card_provider/maestro.png":["packages/awesome_card/images/card_provider/maestro.png"],"packages/awesome_card/images/card_provider/master_card.png":["packages/awesome_card/images/card_provider/master_card.png"],"packages/flutter_credit_card/icons/mastercard.png":["packages/flutter_credit_card/icons/mastercard.png"],"fonts/rockwen.ttf":["fonts/rockwen.ttf"],"packages/awesome_card/images/card_provider/rupay.png":["packages/awesome_card/images/card_provider/rupay.png"],"packages/awesome_card/images/card_provider/visa.png":["packages/awesome_card/images/card_provider/visa.png"],"packages/flutter_credit_card/icons/visa.png":["packages/flutter_credit_card/icons/visa.png"]}