[{"family":"MaterialIcons","fonts":[{"asset":"fonts/MaterialIcons-Regular.ttf"}]},{"family":"MyriadPro","fonts":[{"asset":"fonts/MYRIADPRO-REGULAR.OTF"},{"weight":700,"asset":"fonts/MYRIADPRO-BOLD.OTF"}]},{"family":"Inkfree","fonts":[{"asset":"fonts/Inkfree.ttf"}]},{"family":"BITCBLKAD","fonts":[{"asset":"fonts/BITCBLKAD.ttf"}]},{"family":"Forte","fonts":[{"asset":"fonts/Forte.ttf"}]},{"family":"MTCORSVA","fonts":[{"asset":"fonts/MTCORSVA.ttf"}]},{"family":"ScriptMTBold","fonts":[{"asset":"fonts/ScriptMTBold.ttf"}]},{"family":"FrenchScriptMT","fonts":[{"asset":"fonts/FrenchScriptMT.ttf"}]},{"family":"rockwen","fonts":[{"asset":"fonts/rockwen.ttf"}]},{"family":"gill-sans-mt","fonts":[{"asset":"fonts/gill-sans-mt.ttf"}]},{"family":"HTOWERT","fonts":[{"asset":"fonts/HTOWERT.ttf"}]},{"family":"coolveticarg","fonts":[{"asset":"fonts/coolveticarg.ttf"}]},{"family":"packages/awesome_card/MavenPro","fonts":[{"weight":400,"asset":"packages/awesome_card/fonts/MavenPro-Regular.ttf"},{"weight":500,"asset":"packages/awesome_card/fonts/MavenPro-Medium.ttf"},{"weight":700,"asset":"packages/awesome_card/fonts/MavenPro-Bold.ttf"}]},{"family":"packages/cupertino_icons/CupertinoIcons","fonts":[{"asset":"packages/cupertino_icons/assets/CupertinoIcons.ttf"}]},{"family":"packages/flutter_credit_card/halter","fonts":[{"asset":"packages/flutter_credit_card/font/halter.ttf"}]}]